Campaign,Ad Group,Keyword,Match Type,Final URL,Country
UK Kids Quran,UK Kids — Core,online quran classes for kids,Phrase,https://www.noorpath.online/online-quran-classes-for-kids?utm_source=google&utm_medium=cpc&utm_campaign=uk_kids_quran#cta,UK
UK Kids Quran,UK Kids — Core,quran classes for kids online,Phrase,https://www.noorpath.online/online-quran-classes-for-kids?utm_source=google&utm_medium=cpc&utm_campaign=uk_kids_quran#cta,UK
UK Kids Quran,UK Kids — Core,online quran lessons for kids,Phrase,https://www.noorpath.online/online-quran-classes-for-kids?utm_source=google&utm_medium=cpc&utm_campaign=uk_kids_quran#cta,UK
UK Kids Quran,UK Kids — Core,quran tutor for kids online,Phrase,https://www.noorpath.online/online-quran-classes-for-kids?utm_source=google&utm_medium=cpc&utm_campaign=uk_kids_quran#cta,UK
UK Kids Quran,UK Kids — Core,kids quran classes online,Phrase,https://www.noorpath.online/online-quran-classes-for-kids?utm_source=google&utm_medium=cpc&utm_campaign=uk_kids_quran#cta,UK
UK Kids Quran,UK Kids — Core,learn quran online for kids,Phrase,https://www.noorpath.online/online-quran-classes-for-kids?utm_source=google&utm_medium=cpc&utm_campaign=uk_kids_quran#cta,UK
UK Kids Quran,UK Kids — Core,online quran teacher for kids,Phrase,https://www.noorpath.online/online-quran-classes-for-kids?utm_source=google&utm_medium=cpc&utm_campaign=uk_kids_quran#cta,UK
UK Kids Quran,UK Kids — Core,1 on 1 quran classes for kids,Phrase,https://www.noorpath.online/online-quran-classes-for-kids?utm_source=google&utm_medium=cpc&utm_campaign=uk_kids_quran#cta,UK
UK Kids Quran,UK Kids — Core,quran classes for children online,Phrase,https://www.noorpath.online/online-quran-classes-for-kids?utm_source=google&utm_medium=cpc&utm_campaign=uk_kids_quran#cta,UK
UK Kids Quran,UK Kids — Best,best online quran classes for kids,Phrase,https://www.noorpath.online/online-quran-classes-for-kids?utm_source=google&utm_medium=cpc&utm_campaign=uk_kids_quran#cta,UK
UK Kids Quran,UK Kids — Best,best quran teacher for kids uk,Phrase,https://www.noorpath.online/online-quran-classes-for-kids?utm_source=google&utm_medium=cpc&utm_campaign=uk_kids_quran#cta,UK
UK Kids Quran,UK Kids — Location,online quran classes uk,Phrase,https://www.noorpath.online/locations/online-quran-classes-uk?utm_source=google&utm_medium=cpc&utm_campaign=uk_kids_quran#cta,UK
UK Kids Quran,UK Kids — Location,quran classes for kids uk,Phrase,https://www.noorpath.online/locations/online-quran-classes-uk?utm_source=google&utm_medium=cpc&utm_campaign=uk_kids_quran#cta,UK
UK Kids Quran,UK Kids — Location,online quran classes london,Phrase,https://www.noorpath.online/locations/online-quran-classes-uk?utm_source=google&utm_medium=cpc&utm_campaign=uk_kids_quran#cta,UK
UK Kids Quran,UK Kids — Location,quran teacher uk online,Phrase,https://www.noorpath.online/locations/online-quran-classes-uk?utm_source=google&utm_medium=cpc&utm_campaign=uk_kids_quran#cta,UK
UK Kids Quran,UK Kids — Location,online quran classes birmingham,Phrase,https://www.noorpath.online/locations/online-quran-classes-uk?utm_source=google&utm_medium=cpc&utm_campaign=uk_kids_quran#cta,UK
USA Kids Quran,USA Kids — Core,online quran classes for kids,Phrase,https://www.noorpath.online/online-quran-classes-for-kids?utm_source=google&utm_medium=cpc&utm_campaign=usa_kids_quran#cta,USA
USA Kids Quran,USA Kids — Core,quran classes for kids online,Phrase,https://www.noorpath.online/online-quran-classes-for-kids?utm_source=google&utm_medium=cpc&utm_campaign=usa_kids_quran#cta,USA
USA Kids Quran,USA Kids — Core,online quran lessons for kids,Phrase,https://www.noorpath.online/online-quran-classes-for-kids?utm_source=google&utm_medium=cpc&utm_campaign=usa_kids_quran#cta,USA
USA Kids Quran,USA Kids — Core,quran tutor for kids,Phrase,https://www.noorpath.online/online-quran-classes-for-kids?utm_source=google&utm_medium=cpc&utm_campaign=usa_kids_quran#cta,USA
USA Kids Quran,USA Kids — Core,kids quran classes online,Phrase,https://www.noorpath.online/online-quran-classes-for-kids?utm_source=google&utm_medium=cpc&utm_campaign=usa_kids_quran#cta,USA
USA Kids Quran,USA Kids — Core,learn quran online for kids,Phrase,https://www.noorpath.online/online-quran-classes-for-kids?utm_source=google&utm_medium=cpc&utm_campaign=usa_kids_quran#cta,USA
USA Kids Quran,USA Kids — Core,online quran teacher for kids,Phrase,https://www.noorpath.online/online-quran-classes-for-kids?utm_source=google&utm_medium=cpc&utm_campaign=usa_kids_quran#cta,USA
USA Kids Quran,USA Kids — Core,quran classes for children,Phrase,https://www.noorpath.online/online-quran-classes-for-kids?utm_source=google&utm_medium=cpc&utm_campaign=usa_kids_quran#cta,USA
USA Kids Quran,USA Kids — Best,best online quran classes for kids,Phrase,https://www.noorpath.online/online-quran-classes-for-kids?utm_source=google&utm_medium=cpc&utm_campaign=usa_kids_quran#cta,USA
USA Kids Quran,USA Kids — Best,best online quran academy for kids,Phrase,https://www.noorpath.online/online-quran-classes-for-kids?utm_source=google&utm_medium=cpc&utm_campaign=usa_kids_quran#cta,USA
USA Kids Quran,USA Kids — Location,online quran classes usa,Phrase,https://www.noorpath.online/locations/online-quran-classes-usa?utm_source=google&utm_medium=cpc&utm_campaign=usa_kids_quran#cta,USA
USA Kids Quran,USA Kids — Location,quran classes for kids usa,Phrase,https://www.noorpath.online/locations/online-quran-classes-usa?utm_source=google&utm_medium=cpc&utm_campaign=usa_kids_quran#cta,USA
USA Kids Quran,USA Kids — Location,online quran classes texas,Phrase,https://www.noorpath.online/locations/online-quran-classes-usa?utm_source=google&utm_medium=cpc&utm_campaign=usa_kids_quran#cta,USA
USA Kids Quran,USA Kids — Location,online quran teacher usa,Phrase,https://www.noorpath.online/locations/online-quran-classes-usa?utm_source=google&utm_medium=cpc&utm_campaign=usa_kids_quran#cta,USA
USA Kids Quran,USA Kids — Location,learn quran online usa kids,Phrase,https://www.noorpath.online/locations/online-quran-classes-usa?utm_source=google&utm_medium=cpc&utm_campaign=usa_kids_quran#cta,USA
UK Adults Quran,UK Adults — Beginners,learn quran online,Phrase,https://www.noorpath.online/learn-quran-online?utm_source=google&utm_medium=cpc&utm_campaign=uk_adults_quran#cta,UK
UK Adults Quran,UK Adults — Beginners,learn quran online for adults,Phrase,https://www.noorpath.online/learn-quran-online?utm_source=google&utm_medium=cpc&utm_campaign=uk_adults_quran#cta,UK
UK Adults Quran,UK Adults — Beginners,quran classes for adults online,Phrase,https://www.noorpath.online/learn-quran-online?utm_source=google&utm_medium=cpc&utm_campaign=uk_adults_quran#cta,UK
UK Adults Quran,UK Adults — Beginners,online quran classes for adults,Phrase,https://www.noorpath.online/online-quran-classes-for-adults?utm_source=google&utm_medium=cpc&utm_campaign=uk_adults_quran#cta,UK
UK Adults Quran,UK Adults — Beginners,learn to read quran online,Phrase,https://www.noorpath.online/learn-quran-online?utm_source=google&utm_medium=cpc&utm_campaign=uk_adults_quran#cta,UK
UK Adults Quran,UK Adults — Beginners,quran for adults beginners,Phrase,https://www.noorpath.online/learn-quran-online?utm_source=google&utm_medium=cpc&utm_campaign=uk_adults_quran#cta,UK
UK Adults Quran,UK Adults — Beginners,learn quran from scratch,Phrase,https://www.noorpath.online/learn-quran-online?utm_source=google&utm_medium=cpc&utm_campaign=uk_adults_quran#cta,UK
UK Adults Quran,UK Adults — Beginners,online quran lessons for adults,Phrase,https://www.noorpath.online/learn-quran-online?utm_source=google&utm_medium=cpc&utm_campaign=uk_adults_quran#cta,UK
UK Adults Quran,UK Adults — Beginners,learn quran online uk,Phrase,https://www.noorpath.online/locations/online-quran-classes-uk?utm_source=google&utm_medium=cpc&utm_campaign=uk_adults_quran#cta,UK
USA Adults Quran,USA Adults — Beginners,learn quran online,Phrase,https://www.noorpath.online/learn-quran-online?utm_source=google&utm_medium=cpc&utm_campaign=usa_adults_quran#cta,USA
USA Adults Quran,USA Adults — Beginners,learn quran online for adults,Phrase,https://www.noorpath.online/learn-quran-online?utm_source=google&utm_medium=cpc&utm_campaign=usa_adults_quran#cta,USA
USA Adults Quran,USA Adults — Beginners,quran classes for adults online,Phrase,https://www.noorpath.online/learn-quran-online?utm_source=google&utm_medium=cpc&utm_campaign=usa_adults_quran#cta,USA
USA Adults Quran,USA Adults — Beginners,online quran classes for adults,Phrase,https://www.noorpath.online/online-quran-classes-for-adults?utm_source=google&utm_medium=cpc&utm_campaign=usa_adults_quran#cta,USA
USA Adults Quran,USA Adults — Beginners,learn to read quran online,Phrase,https://www.noorpath.online/learn-quran-online?utm_source=google&utm_medium=cpc&utm_campaign=usa_adults_quran#cta,USA
USA Adults Quran,USA Adults — Beginners,quran for adult beginners,Phrase,https://www.noorpath.online/learn-quran-online?utm_source=google&utm_medium=cpc&utm_campaign=usa_adults_quran#cta,USA
USA Adults Quran,USA Adults — Beginners,learn quran from scratch,Phrase,https://www.noorpath.online/learn-quran-online?utm_source=google&utm_medium=cpc&utm_campaign=usa_adults_quran#cta,USA
USA Adults Quran,USA Adults — Beginners,learn quran online usa,Phrase,https://www.noorpath.online/locations/online-quran-classes-usa?utm_source=google&utm_medium=cpc&utm_campaign=usa_adults_quran#cta,USA
USA Adults Quran,USA Adults — Beginners,online quran lessons for adults,Phrase,https://www.noorpath.online/learn-quran-online?utm_source=google&utm_medium=cpc&utm_campaign=usa_adults_quran#cta,USA
Germany Kids Quran,DE Kids — English,online quran classes for kids,Phrase,https://www.noorpath.online/locations/online-quran-classes-germany?utm_source=google&utm_medium=cpc&utm_campaign=de_kids_quran#cta,Germany
Germany Kids Quran,DE Kids — English,quran classes for kids online,Phrase,https://www.noorpath.online/locations/online-quran-classes-germany?utm_source=google&utm_medium=cpc&utm_campaign=de_kids_quran#cta,Germany
Germany Kids Quran,DE Kids — English,online quran classes germany,Phrase,https://www.noorpath.online/locations/online-quran-classes-germany?utm_source=google&utm_medium=cpc&utm_campaign=de_kids_quran#cta,Germany
Germany Kids Quran,DE Kids — English,quran teacher germany online,Phrase,https://www.noorpath.online/locations/online-quran-classes-germany?utm_source=google&utm_medium=cpc&utm_campaign=de_kids_quran#cta,Germany
Germany Kids Quran,DE Kids — English,learn quran online germany,Phrase,https://www.noorpath.online/locations/online-quran-classes-germany?utm_source=google&utm_medium=cpc&utm_campaign=de_kids_quran#cta,Germany
Germany Kids Quran,DE Kids — English,online quran classes berlin,Phrase,https://www.noorpath.online/locations/online-quran-classes-germany?utm_source=google&utm_medium=cpc&utm_campaign=de_kids_quran#cta,Germany
